H6E8SX5TNAKSA,Kids Drink,3.49
2JJE47HKESGDM,Angry Orchard Bottle,5.00
AFNVNX77A1N0G,Becks N/A Bottle,4.00
6BD5RSFFG0D20,Bud Light Bottle,4.00
0SHZW1CKYYMNT,Budweiser 25oz Can,6.00
TG1GC81JH6KV4,Budweiser Bottle,4.00
SVDZD22HW7514,Coors Light Bottle,4.00
47DMG52G8N7P0,Corona Bottle,5.00
N95WAVFSSEBNY,Corona Light Bottle,5.00
W6CQH0P11ZWV4,Heineken Bottle,5.00
8G3YTD5WW6P0M,Longboard Bottle,5.00
RSJM2M27EFRNR,Michelob Ultra Bottle,4.00
5C7CXVB0SFQM0,Michelob Ultra Gold Bottle,4.00
BXTH2Z0SQWHB2,Miller Lite Bottle,4.00
JTMD77GAYP2KP,Newcastle Bottle,5.00
ZGT2DAFQM52QE,PBR 24oz Can,5.00
PN4VHR57REKYE,Pacifico Bottle,4.00
R2F3SJ1Z841X8,Stone IPA Bottle,5.00
XMTK5S0ZGZ5JP,21st Amendment Draft,7.00
DR47E74YVJ4GM,805 Draft,7.00
87EJHE7C75CD6,ACE Cider Draft,7.00
Z08WTCEM3TVMP,Altamont Maui Waui IPA Draft,7.00
BMGJGBZ7ND4N0,Black/Tan Draft,6.00
1NPCJSZ55FMAR,Blue Moon Draft,6.00
TJ36D42FVNMH2,Budweiser Draft,5.00
GMYYJCZBSCF1M,Coors Light Draft,5.00
YRJK0KNH20ZZE,Del Cielo Draft,7.00
D3RKFCRBRYFJ2,Desschutes Fresh Squeezed IPA Draft,7.00
4P48KBEMWNP34,Ghost Town Hazy IPA Draft,8.00
TG02CXN63WQ6P,Guinness Draft,6.00
S2Q80448PXX4R,Elysain Space Dust,8.00
ZJ0V2P7EQ1VE2,Lagunitas IPA Draft,6.00
P3CGE8M2KAMJM,Lagunitas Hazy IPA Draft,5.00
KW47CFCTZF86E,Lagunitas Waldo TIPA Draft,12.00
H9Z980EQ5DE2T,Modelo Especial Draft,6.50
PHHPSBJ0F7SGT,Morgan Territory Draft,8.00
QH7R3WGWVNXXG,Sierra Nevada Draft,7.00
V61Q4DWBV7N2E,Sierra Nevada Seasonal Draft,8.00
3G15F6F84MM72,Stella Draft,6.50
4XVBQ0R7MVR4T,Crown Royal,8.00
JDJPMDZHE95HC,Fireball,7.00
2EVGXW35B45QM,Jack Daniels,8.50
SZZMJM91722ZE,Jack Daniels Fire,8.50
D17SF0VRJ0HJ8,Jameson,9.00
Y2HJXCN2SGTQC,Jameson Cold Brew,9.00
P7SHQVRPQ95WY,Japanese Whisky,9.00
78FA70ZRBWVM2,Jim Beam,7.00
J64AZ4Q8006CR,Knob Creek,11.00
NCS8AXB8QJWDE,Knob Creek Rye,11.00
D8HSVHJYZA7Q2,Maker’s Mark,11.00
TG2CA68E3YDY4,Redemption Rye,7.00
EC9T27FGM5X74,Seagrams 7,7.25
SNY1RZN94PC8M,Seagrams VO,7.50
4GFSAYJTVT10C,Tullamore Dew,9.00
39BTNX2JD1CST,Woodford Reserve,12.00
FP8DC3V2AY2K0,Absolut,8.00
4KB700VJNDZEA,Absolut Citron,8.00
XCCR5X0JV93P6,Absolut Mandarin,8.00
B0KT85600Y6P4,Burnetts Cherry,6.00
77T1X0FWPDCH4,Burnetts Whipped,6.00
GGTY8XR6N6VSJ,Grey Goose,11.00
5TSPFZGWFX48W,Ketel One,9.00
VS7MZZ4NXFCVY,Skyy,8.00
CMDN3EBB87JEA,Skyy California Apricot,8.00
FF9YEDE4Q5Y1T,Skyy Peach,8.00
QB45CN0N0ZVSJ,Titos,9.50
Q0TS9FMHX43M2,Casamigos Anejo,14.00
ZGPZ1WZY5SZNG,Casamigos Repo,11.00
8Q5D1P5YX50J4,Cazadores Blanco,9.00
E74YQWJ0QA0N0,Cazadores Repo,9.00
12RJRE7634N7W,Clase Azul Repo,19.00
4ZTJGDSTYQGGE,Don Julio 1942,28.00
2D00C9NEM62ER,Don Julio Anejo,14.00
RBBA9H2ER00PY,Don Julio Blanco,12.00
RRV7BY08CTCNP,Don Julio Repo,12.00
5XHGA25Q6ENBW,Dulce Vida Blanco,7.00
RYD1071VQW5WC,Patron Silver,11.00
7KVG64KGE3WTE,Del Maguey Vida Mezcal,9.00
9C31J3P0J56G4,Dewars White Label,10.00
G4ABZ48DSX97G,Glenlivet 12 Year,12.00
6J40KYBGGVS56,Johnnie Walker Black,9.50
G54T7XH1HJGQG,Bacardi Gold,6.50
4NCXWCB0AAE2M,Bacardi Silver,7.00
ZZGX9BQ2C4XV6,Captain Morgan,7.50
DXA5N8A6K6TRM,Malibu,7.50
0HFWMQ5GMBY1Y,Myers Dark Rum,7.50
PQDQ0V06D57XY,Aviation,9.00
TGZ3QE0Y2HMFW,Bombay Sapphire,11.00
FM4QSZST8X6Q2,Hendricks,12.00
DFS5JY02910SJ,Tanqueray,7.00
4H59HMKSMQKCG,Hennessy,12.00
AG5GHNFTSEWJP,Korbel Brandy,8.00
Q08GE6WFCW8QA,Bottle 1924 Pinot Noir,30.00
PTMV6VQ5176V0,Bottle Butter Chardonnay,28.00
MXCQV4AFP9E28,Bottle Flat Top Hills Sauvignon Blanc,25.00
QJ1YE6BTVPKTA,Bottle Fre Non-Alcholic Chardonnay,23.00
8VTVRVWDK3WBC,Bottle Gnarly Head Old Vine Zinfandel,28.00
6QA9H014CQWH6,Bottle Line 39 Merlot,23.00
17PC8SDAN8FM0,Bottle Ménage A Trois Pinot Grigio,23.00
P06R8AQ7F8CDA,Bottle Noble Vines 337 Cabernet Sauvignon,28.00
X426WW58R733M,Bottle Oyster Bay Sauvignon Blanc,27.00
2ARMFCBJ9EZPY,Bottle Rose,28.00
VVQ3NQJ3JEWGM,Bottle Sutter Home White Zinfandel,26.00
E02EF9WV3KF0W,Bottle Sycamore Chardonnay,23.00
0GFVE7YTSNC64,Bottle Whispering Angel Rose,30.00
MQ8S8287TT6ZP,Corkage,15.00
P30C2A7495KHP,Bottle Stanford Brut,21.00
S7NC048RS7XFR,Bottle Ruffino Prosecco,28.00
2DBKNJMYRDS7T,Bottomless Mimosa,15.00
0BTKCQVQ1MMWW,Bottomless Mimosa Refill,0.00
WD4DRXVQXYT1W,Mimosa,7.50
FMJ4ZRMF7V7AA,Pitcher 21st Amendment,26.00
APN52W9FA0XVR,Pitcher 805,26.00
6FD1AM3QM7PQR,Pitcher ACE Cider,26.00
CSBTH94SJF4EJ,Pitcher Altamont Maui Waui IPA,26.00
10XA0CYS7HPGY,Pitcher Blue Moon,22.00
X2306B0CGVB30,Pitcher Bud,18.00
PHF7MMEJYXBT4,Pitcher Coors Light,18.00
GSZV7NCN4FHE8,Pitcher Del Cielo,26.00
FC6G428NYCT3A,Pitcher Deschutes Fresh Squeezed IPA,26.00
Q7F8HR8CQZ3M0,Pitcher Ghost Town Hazy IPA,28.00
ZDS0WE4725X9M,Pitcher Guinness,22.00
G1V0Y9XE1AFJ2,Pitcher Hoptomic DIPA,28.00
PDXDC9HFVE4HP,Pitcher Lagunitas IPA,22.00
WQ73WK3041F82,Pitcher Lagunitas Rotating Hazy IPA,26.00
KWA93C6BM9RXJ,Pitcher Modelo Especial,22.00
D02QRAPY85MY2,Pitcher Sierra Nevada,26.00
B6BYV2KHCJCY2,Pitcher Sierra Nevada Seasonal,30.00
1Q1VDWG656RVT,Pitcher Stella,22.00
M8DDWFATYQPGC,Baileys,8.50
PM42VEWMNTFBC,Chambord,8.00
TQNC25YQ85P6T,Campari,8.00
Q1JVH6Y39CD8W,Di Saronno,8.00
JZVY9ACGAXVYW,Drambuie,7.50
J2629T5623XY4,Fernet,9.00
7DCEYN1V5KSRT,Frangelico,7.00
MRHSTMXVF0S44,Goldschlager,7.00
WG0TF1WF2ZSKJ,Grand Marnier,9.00
KS8MY9RQVRHJP,Jager,7.50
PV8VK52DX58FR,Kahlua,7.00
4R8MMKSYPAYDP,Midori,7.00
AN32BBJPH785M,Rumpleminz,7.00
GNGRG8DYZ6FA2,Sambuca,7.00
ZFENXPMCRSQ62,Red Bull,3.25
F9F6T1P7TYHV6,Vegas Bomb,10.00
1G57W93VW0G4A,Wild Turkey 101,9.00
N3VR35W69Z9FP,Jack Daniel's Rye,8.50
5Z4BERK400EMT,High West American Praire,11.00
GP03XSYDMECD6,High West Double Rye,11.00
54EN0R6Z1ZVYW,Captain Morgan orange vanilla,5.00
5X7F6Q2JVWEG6,Tin Cup,10.00
1TXZBSZRX1BH2,Racer 5,8.00
10DT60K94935R,Pitcher Racer 5,32.00
6VYN5F8NT944P,Espadin Mezcal,9.00
GHYRK849H89F0,Sminoff,7.00
3NZBXPEPP2FCP,21 Seeds Grapefruit Hibiscus,8.00
8RFRBR74F8BJE,21 Seeds Cucumber Jalapeño,8.00
NZFSJZ991VK5T,Jack Daniel's Apple,8.50
QZWP1Y6B3Y6HG,Bulliet,10.00
G2Y4Y6E5K12WR,Casamigos Blanco,9.00
B193S3HF0V9FE,Opera Prima Split,6.50
YNCJCCPBJC2E4,The Real McCoy 3yr,9.00
98ND3YV93H7AE,Calirosa Anejo,12.00
